{"main":"sapi-students.raml","name":"sapi-students","classifier":"raml","tags":[],"groupId":"26e38361-6ef9-4b4d-9eb6-57cc2dde1571","assetId":"sapi-students","version":"1.0.8","apiVersion":"v1","dependencies":[{"groupId":"26e38361-6ef9-4b4d-9eb6-57cc2dde1571","assetId":"resourcetypes","version":"1.0.2","provided":false}],"organizationId":"26e38361-6ef9-4b4d-9eb6-57cc2dde1571","originalFormatVersion":"1.0","descriptorVersion":"1.0.0","metadata":{"projectId":"b44f5a9d-5eda-41f4-bd71-fd729e064d93","branchId":"master","commitId":"b24a8956b4aba8438c84b12cd6ee050ec2b7baa4"}}