{
  "main": "sapi-students.raml",
  "name": "sapi-students",
  "classifier": "raml",
  "groupId": "26e38361-6ef9-4b4d-9eb6-57cc2dde1571",
  "assetId": "sapi-students",
  "version": "1.0.4",
  "apiVersion": "v1",
  "dependencies": [
    {
      "groupId": "26e38361-6ef9-4b4d-9eb6-57cc2dde1571",
      "assetId": "resourcetypes",
      "version": "1.0.2",
      "provided": false
    }
  ],
  "organizationId": "26e38361-6ef9-4b4d-9eb6-57cc2dde1571",
  "originalFormatVersion": "1.0",
  "descriptorVersion": "1.0.0",
  "tags": []
}